,,,Price,Price,Price,Price,Log Returns
,,,mean,min,max,std,std
SettlementPoint,year,month,,,,,
HB_BUSAVG,2016,1,19.210363391655456,5.12,54.69,5.4888287923721375,0.16260013876840146
HB_BUSAVG,2016,2,15.288247126436788,1.79,50.98,5.77717217692724,0.22252637221965688
HB_BUSAVG,2016,3,16.755625841184376,1.22,64.31,7.368496875539129,0.21265702856513025
HB_BUSAVG,2016,4,18.289347222222197,1.18,93.09,9.506142732088001,0.22877198810194
HB_BUSAVG,2016,5,18.15958333333335,3.03,73.61,8.017220813376365,0.17257385068168513
HB_BUSAVG,2016,6,23.90981944444443,4.02,110.72,11.305436288586218,0.14742957896021547
HB_BUSAVG,2016,7,27.187473118279588,7.61,99.29,12.406065835499756,0.1545307625926747
HB_BUSAVG,2016,8,30.567137096774225,13.39,230.02,27.15155808784458,0.18565477838885602
HB_BUSAVG,2016,9,26.861750000000033,10.89,202.4,14.904298172890444,0.13807981144305714
HB_BUSAVG,2016,10,25.2048387096774,2.92,274.77,16.32711959988236,0.18920705028007026
HB_BUSAVG,2016,11,19.244902777777792,2.3,48.65,6.3781515532879896,0.18675276243989292
HB_BUSAVG,2016,12,25.31830645161287,2.72,139.42,11.105303297399237,0.2053625941039086
HB_BUSAVG,2017,1,23.25278225806453,1.94,96.28,7.471612705493784,0.19586681247656026
HB_BUSAVG,2017,2,20.1178273809524,3.56,52.7,6.538278533511916,0.18540494893901996
HB_BUSAVG,2017,3,22.569892328398367,4.92,78.44,7.988595981559292,0.14805688054667457
HB_BUSAVG,2017,4,23.70508333333335,8.37,81.08,7.768482147422761,0.13980629551260532
HB_BUSAVG,2017,5,25.087352150537626,4.66,65.3,7.952691485425806,0.1454265116762632
HB_BUSAVG,2017,6,27.669152777777793,15.22,82.18,11.114801167073598,0.13154185484692563
HB_BUSAVG,2017,7,31.45427419354836,16.64,257.04,17.838848649545913,0.15471486798675363
HB_BUSAVG,2017,8,27.50701612903228,16.62,88.75,10.898581913248776,0.12395499832884094
HB_BUSAVG,2017,9,24.18416666666669,8.38,59.02,7.9236597783932705,0.11830199435078122
HB_BUSAVG,2017,10,23.563279569892487,3.07,97.54,10.300630159991833,0.16335525668680834
HB_BUSAVG,2017,11,22.677458333333327,4.28,83.65,8.31051267552799,0.16930819550579296
HB_BUSAVG,2017,12,21.187956989247333,5.82,55.67,5.193307565046879,0.1564664443235027
HB_BUSAVG,2018,1,37.86967741935482,5.83,1660.04,87.56361308118339,0.21844879101097125
HB_BUSAVG,2018,2,21.854315476190465,5.09,73.49,7.541317693617223,0.19781195326097495
HB_BUSAVG,2018,3,22.561978465679648,7.34,69.97,8.35799112360004,0.18213744128865333
HB_BUSAVG,2018,4,23.142958333333308,6.22,53.44,7.3667687663368335,0.15695830411051717
HB_BUSAVG,2018,5,34.00524193548385,8.49,541.31,38.314470370603864,0.2257969020908787
HB_BUSAVG,2018,6,29.96612499999997,15.16,114.07,14.658058238847639,0.1455316700864005
HB_BUSAVG,2018,7,78.85944892473117,9.9,2061.99,233.36169591636278,0.37795116194613343
HB_BUSAVG,2018,8,31.661559139784913,12.71,149.91,18.572329132601762,0.16275627803681056
HB_BUSAVG,2018,9,27.17544444444446,14.59,88.96,10.5109675059282,0.12135330832924662
HB_BUSAVG,2018,10,29.95782258064515,10.32,95.21,10.16982978140472,0.13645456951855342
HB_BUSAVG,2018,11,30.644499999999972,9.3,108.07,11.598420053307358,0.17015356441598745
HB_BUSAVG,2018,12,30.268185483870955,6.64,117.74,10.12306655686283,0.1760067962878792
HB_BUSAVG,2019,1,24.59256720430107,5.72,75.28,8.130355147669786,0.16938055995670584
HB_BUSAVG,2019,2,21.186369047619046,5.06,56.68,7.013010151618259,0.18856551644288178
HB_BUSAVG,2019,3,27.565720053835797,7.31,675.6,34.263891687476494,0.2016250674164323
HB_BUSAVG,2019,4,22.613180555555562,5.34,102.53,11.853101342168479,0.19128746174712205
HB_BUSAVG,2019,5,23.959932795698922,9.46,67.19,8.560298614984854,0.13275640227446545
HB_BUSAVG,2019,6,25.08554166666668,8.72,102.2,13.651568525669756,0.1478402298649775
HB_BUSAVG,2019,7,29.72962365591398,11.28,274.56,26.86115729182233,0.19455344501450636
HB_BUSAVG,2019,8,126.38408602150527,10.04,3499.84,401.206306600097,0.5134098697903894
HB_BUSAVG,2019,9,79.61562499999994,7.88,5008.32,380.21393107679,0.3493513804256465
HB_BUSAVG,2019,10,28.247056451612934,6.39,851.45,53.26734427541531,0.23043984391487327
HB_BUSAVG,2019,11,23.46837500000001,3.26,203.7,14.638393552028687,0.22857557015049654
HB_BUSAVG,2019,12,18.715080645161272,3.74,59.84,6.744975917531296,0.18485900120649829
HB_HOUSTON,2016,1,19.567267833109025,5.19,54.55,5.652395832193831,0.1666276911443795
HB_HOUSTON,2016,2,15.464540229885062,2.1,50.75,5.811656068895286,0.22084486714951287
HB_HOUSTON,2016,3,17.12495289367428,1.36,72.32,7.70473596551608,0.21220387738183685
HB_HOUSTON,2016,4,18.940958333333334,1.26,99.0,10.265435546159962,0.23041773012721847
HB_HOUSTON,2016,5,19.17408602150539,3.04,73.62,9.38017837807119,0.1802016846842419
HB_HOUSTON,2016,6,26.255736111111084,4.31,141.0,15.3243472685475,0.16400868803197996
HB_HOUSTON,2016,7,29.53892473118277,10.08,101.38,14.978876680896809,0.1595618013371469
HB_HOUSTON,2016,8,32.9725403225807,13.49,269.69,33.121781875193165,0.19741966320215198
HB_HOUSTON,2016,9,28.742416666666674,11.49,211.23,16.821039643259603,0.14932620926086462
HB_HOUSTON,2016,10,28.24955645161289,4.0,284.79,18.950819928980856,0.19748584963258403
HB_HOUSTON,2016,11,20.36593055555555,3.05,51.61,7.431234496542127,0.19181112824692004
HB_HOUSTON,2016,12,25.727661290322622,2.92,142.55,11.32320461530008,0.2068153417606824
HB_HOUSTON,2017,1,24.78185483870971,3.03,96.21,7.904352417097664,0.1943509744213776
HB_HOUSTON,2017,2,23.265714285714306,4.52,58.68,8.612319604347366,0.18751531158283774
HB_HOUSTON,2017,3,28.21329744279944,6.85,144.16,14.123950526156515,0.15755848646710413
HB_HOUSTON,2017,4,32.295736111111104,10.77,142.25,15.704205969482652,0.16374647086350486
HB_HOUSTON,2017,5,31.533172043010744,5.0,105.17,14.64211012278916,0.18242908848302586
HB_HOUSTON,2017,6,33.16834722222224,15.44,133.78,18.60204923631417,0.16766762782133496
HB_HOUSTON,2017,7,34.37583333333333,16.72,306.24,22.793164369378225,0.173278698813314
HB_HOUSTON,2017,8,29.401720430107513,16.61,97.06,13.225864551440145,0.13452977856501733
HB_HOUSTON,2017,9,26.542944444444462,8.32,73.92,10.91963358890597,0.1396343346671022
HB_HOUSTON,2017,10,30.141236559139788,4.4,249.2,23.325715626861335,0.20264138953442615
HB_HOUSTON,2017,11,26.091055555555556,4.69,131.0,12.686734104963296,0.17320419836412299
HB_HOUSTON,2017,12,21.549005376344063,6.25,53.34,5.162866307722012,0.15716798722305816
HB_HOUSTON,2018,1,37.944784946236524,6.19,1637.34,86.01527890478582,0.21648819664161784
HB_HOUSTON,2018,2,22.16410714285716,5.1,72.11,7.347411911330587,0.19739782679739443
HB_HOUSTON,2018,3,23.782543741588132,8.01,71.01,8.96803408972139,0.18869679983872323
HB_HOUSTON,2018,4,24.652694444444446,8.4,58.92,7.830764138938863,0.15975528419948612
HB_HOUSTON,2018,5,34.14755376344084,8.43,530.4,37.10995493457376,0.22404097579805307
HB_HOUSTON,2018,6,30.628486111111098,15.81,116.02,14.938345448626661,0.1454629558021777
HB_HOUSTON,2018,7,79.03404569892474,9.95,2057.51,233.00015888349546,0.3772985000872809
HB_HOUSTON,2018,8,31.944247311827972,13.44,150.2,18.6641251009878,0.16193458136028333
HB_HOUSTON,2018,9,27.581361111111068,15.06,91.04,10.751295245972893,0.12132940227437028
HB_HOUSTON,2018,10,30.981935483870988,12.6,98.4,10.837428527252913,0.13679754554431603
HB_HOUSTON,2018,11,31.319236111111124,10.01,104.77,11.698294258876448,0.16736233052617025
HB_HOUSTON,2018,12,30.333548387096755,6.85,116.17,9.879054520195677,0.17615562195293943
HB_HOUSTON,2019,1,25.426034946236562,8.64,74.76,7.830863602989711,0.16722568265427704
HB_HOUSTON,2019,2,21.50781249999998,5.47,57.38,6.6968686862040805,0.18558346091685907
HB_HOUSTON,2019,3,27.832032301480492,8.18,651.0,32.6440667231485,0.2018242585028089
HB_HOUSTON,2019,4,23.870652777777796,5.4,106.31,11.99962983858817,0.1874999889164138
HB_HOUSTON,2019,5,24.794274193548365,9.59,67.67,8.953671879096621,0.13327445029333063
HB_HOUSTON,2019,6,26.897680555555574,9.93,111.16,15.453808881248248,0.15374515162617344
HB_HOUSTON,2019,7,29.91100806451612,11.34,274.33,26.800292086352286,0.19404553544086803
HB_HOUSTON,2019,8,126.62533602150543,10.32,3499.86,401.4410640782598,0.5121214190227299
HB_HOUSTON,2019,9,80.5876527777777,7.97,5011.16,380.543067820698,0.34884755881129337
HB_HOUSTON,2019,10,30.393602150537653,9.65,870.3,55.0885931424054,0.22359990987858258
HB_HOUSTON,2019,11,24.0215,3.79,198.8,14.300458495621012,0.22428979557641843
HB_HOUSTON,2019,12,18.67249999999999,3.8,59.43,6.6220555812474515,0.1838578831112974
HB_HUBAVG,2016,1,19.259825033647374,5.13,54.53,5.515944039653665,0.16337180049539865
HB_HUBAVG,2016,2,15.269252873563223,1.52,50.9,5.812592533369642,0.22625390900520795
HB_HUBAVG,2016,3,16.654347240915186,1.05,65.81,7.426260850084184,0.21530168581320455
HB_HUBAVG,2016,4,18.16686111111111,1.07,94.38,9.574284135033096,0.23210002324051932
HB_HUBAVG,2016,5,18.247002688172035,2.64,73.06,8.214961649765993,0.1760955795962132
HB_HUBAVG,2016,6,24.297847222222227,4.15,115.88,11.861734726158794,0.14928861269716776
HB_HUBAVG,2016,7,27.459206989247352,5.86,99.3,12.793737081962158,0.15782808267388113
HB_HUBAVG,2016,8,30.948534946236535,13.39,232.88,28.067207749952498,0.18716024879886045
HB_HUBAVG,2016,9,27.188138888888897,10.99,203.88,15.16413774610703,0.13925946343220671
HB_HUBAVG,2016,10,25.769059139784947,2.96,277.51,16.816964578457856,0.19038195419815548
HB_HUBAVG,2016,11,19.489305555555553,2.37,49.27,6.544536122879047,0.18711788633040827
HB_HUBAVG,2016,12,25.36259408602154,2.34,139.98,11.198097445441174,0.2077031343981909
HB_HUBAVG,2017,1,23.325551075268802,1.84,96.27,7.577709890137224,0.2003147366395384
HB_HUBAVG,2017,2,20.352127976190452,2.34,53.19,7.066815784413845,0.1975412259381631
HB_HUBAVG,2017,3,23.233230148048435,4.36,87.72,8.870794538909273,0.15255255267924833
HB_HUBAVG,2017,4,24.830486111111128,8.6,91.68,8.938620642163299,0.14527889025138768
HB_HUBAVG,2017,5,25.905026881720417,4.18,65.97,8.793912445332902,0.15424728174205443
HB_HUBAVG,2017,6,28.513847222222214,14.64,88.26,12.215149025157547,0.13743119080634847
HB_HUBAVG,2017,7,31.864408602150526,16.7,263.26,18.501171755106707,0.15750642715958113
HB_HUBAVG,2017,8,27.83861559139788,16.62,90.23,11.25476501294963,0.12545797278069856
HB_HUBAVG,2017,9,24.51969444444443,8.4,61.96,8.268483617032992,0.12051713786040831
HB_HUBAVG,2017,10,24.701451612903266,3.48,109.91,12.05308567698832,0.16767910945465017
HB_HUBAVG,2017,11,23.16713888888889,3.68,91.6,8.902537112871347,0.1690777889132382
HB_HUBAVG,2017,12,21.209852150537618,4.55,56.06,5.336605259728787,0.1590920686415926
HB_HUBAVG,2018,1,37.77303763440862,5.24,1658.38,87.50519670270873,0.22005267313969898
HB_HUBAVG,2018,2,21.83005952380953,4.2,73.4,7.607576739110757,0.20039995053947812
HB_HUBAVG,2018,3,22.40343203230148,6.13,69.98,8.604464627194634,0.18737432982917474
HB_HUBAVG,2018,4,22.450305555555552,4.42,53.51,7.838026572185339,0.1658098019302056
HB_HUBAVG,2018,5,32.83485215053763,7.13,536.14,37.757652134754366,0.22887624324834352
HB_HUBAVG,2018,6,29.781861111111088,14.66,113.13,14.418706406790347,0.1450999704761675
HB_HUBAVG,2018,7,78.83232526881713,9.95,2061.56,233.32551272329218,0.37803303833929686
HB_HUBAVG,2018,8,31.69458333333332,12.87,149.94,18.560145316602355,0.16253084049143277
HB_HUBAVG,2018,9,27.05302777777778,14.75,88.41,10.301125773944907,0.12034277939243257
HB_HUBAVG,2018,10,29.889112903225822,9.98,95.61,10.165972310649039,0.13648760346550046
HB_HUBAVG,2018,11,30.277208333333338,8.42,105.98,11.820105869491796,0.17277014100340757
HB_HUBAVG,2018,12,30.191989247311827,6.45,117.99,10.318657868630199,0.17774045609893976
HB_HUBAVG,2019,1,24.68340053763441,5.59,75.44,8.21035899011041,0.17018461076492333
HB_HUBAVG,2019,2,21.250639880952367,4.85,56.86,7.0730121645770625,0.19003477534481691
HB_HUBAVG,2019,3,27.189030955585476,5.95,674.86,34.35972336363792,0.206366958650327
HB_HUBAVG,2019,4,22.221166666666647,4.4,103.18,12.112938760854048,0.1982673255944059
HB_HUBAVG,2019,5,23.88376344086022,9.03,67.33,8.577879707268158,0.13431857456432633
HB_HUBAVG,2019,6,25.17154166666668,8.6,102.85,13.788867563759192,0.14844022822669348
HB_HUBAVG,2019,7,29.69623655913976,11.28,274.53,26.839811239624783,0.1943941713085176
HB_HUBAVG,2019,8,126.34983870967757,9.9,3499.49,401.12725896834405,0.5135184763509945
HB_HUBAVG,2019,9,79.4591944444445,7.89,5008.13,380.1739002592013,0.34956730599117364
HB_HUBAVG,2019,10,28.131760752688177,6.05,851.39,53.417383946265424,0.23118682802306129
HB_HUBAVG,2019,11,23.2572361111111,2.91,201.15,14.540368868864523,0.2305287150888687
HB_HUBAVG,2019,12,18.623373655914005,3.49,60.41,6.752492529393898,0.1852620499139476
HB_NORTH,2016,1,19.134253028263785,5.09,55.56,5.4691026726243805,0.16164872445072356
HB_NORTH,2016,2,15.292658045977005,2.0,51.26,5.741953441774283,0.21946693827841054
HB_NORTH,2016,3,16.859367429340523,1.46,60.79,7.259944346713296,0.20981578218344352
HB_NORTH,2016,4,18.350666666666676,1.3,90.11,9.314117201804844,0.22582377979141846
HB_NORTH,2016,5,17.905631720430126,3.55,74.68,7.666826119704723,0.16874344216988096
HB_NORTH,2016,6,23.15805555555555,3.64,101.0,10.378440279708135,0.14570867194204926
HB_NORTH,2016,7,26.8007930107527,9.02,98.94,11.667287327521286,0.1504241999420875
HB_NORTH,2016,8,29.82838709677418,13.37,223.94,25.427223868923868,0.18402208171323997
HB_NORTH,2016,9,26.249180555555544,10.7,200.0,14.525627155172383,0.13727536939896143
HB_NORTH,2016,10,24.005255376344078,2.71,269.05,15.390332528302768,0.19018533388403935
HB_NORTH,2016,11,18.66488888888888,1.92,47.62,6.101731530063151,0.1897574620466641
HB_NORTH,2016,12,25.149045698924702,3.17,138.12,10.941741566558264,0.20415740056554504
HB_NORTH,2017,1,22.991854838709685,2.02,96.37,7.400329722413332,0.19268444150168273
HB_NORTH,2017,2,19.4481994047619,4.77,51.8,5.934393190161845,0.17753857350611585
HB_NORTH,2017,3,21.227779273216694,5.46,63.71,6.777892002262999,0.1484990624439731
HB_NORTH,2017,4,21.41055555555557,7.16,61.79,6.244917842248714,0.14143133865139046
HB_NORTH,2017,5,23.41991935483871,5.2,62.98,6.722616735124593,0.13767632449296505
HB_NORTH,2017,6,25.890569444444427,15.33,70.82,9.048123147849383,0.12416063636482026
HB_NORTH,2017,7,30.65431451612902,16.47,244.42,16.651010261624062,0.1503797506772662
HB_NORTH,2017,8,26.832728494623666,16.61,85.93,10.255855876488063,0.12218414432662109
HB_NORTH,2017,9,23.346111111111103,8.29,54.32,7.2612509134234475,0.11600206770812461
HB_NORTH,2017,10,21.405900537634427,1.88,75.0,7.791168430578762,0.16715254485573455
HB_NORTH,2017,11,21.59620833333333,3.19,69.49,7.568659608784363,0.1785262927167176
HB_NORTH,2017,12,20.952997311827954,6.18,53.18,4.987721615378066,0.15551028462483893
HB_NORTH,2018,1,37.5859005376344,6.24,1659.26,87.45206198148666,0.21905311424812757
HB_NORTH,2018,2,21.767023809523774,6.39,73.33,7.452917156357076,0.19595568475375788
HB_NORTH,2018,3,22.608008075370122,8.57,69.87,8.217259861945996,0.1811756844350103
HB_NORTH,2018,4,23.522916666666667,8.06,52.98,7.0269326382005435,0.15311768228565173
HB_NORTH,2018,5,35.3061424731183,9.32,550.83,39.46338334548294,0.22659208629105143
HB_NORTH,2018,6,30.21188888888888,15.35,115.08,15.084811187253623,0.14727097718613777
HB_NORTH,2018,7,78.96845430107523,9.79,2063.87,233.55245524774722,0.37761742130129894
HB_NORTH,2018,8,31.603051075268784,12.0,150.0,18.64059523762587,0.1635579928029995
HB_NORTH,2018,9,27.299638888888918,14.02,89.78,10.928677673760703,0.12316036381355444
HB_NORTH,2018,10,30.03416666666664,9.57,95.0,10.334967046572814,0.1383299581214989
HB_NORTH,2018,11,31.234888888888918,9.38,114.35,11.596295053094748,0.170650163201414
HB_NORTH,2018,12,30.39826612903227,6.96,117.3,9.919452147482726,0.17451174602796482
HB_NORTH,2019,1,24.33263440860215,5.41,75.1,8.213235570821181,0.17046049045488726
HB_NORTH,2019,2,20.864955357142883,4.48,56.39,7.018780915655381,0.18965327229589732
HB_NORTH,2019,3,28.103714670255727,8.95,676.5,34.15559397316518,0.1978728113996362
HB_NORTH,2019,4,22.99740277777778,5.53,100.8,11.622436364291051,0.1867997051498862
HB_NORTH,2019,5,23.97888440860211,9.96,67.3,8.688466045637163,0.133518602617532
HB_NORTH,2019,6,25.175819444444464,8.17,101.27,13.602406822767918,0.14819668736961628
HB_NORTH,2019,7,29.781290322580663,11.22,274.65,26.916675138030318,0.19513013678070495
HB_NORTH,2019,8,126.52185483870967,10.0,3500.92,401.5181039277682,0.512939101676679
HB_NORTH,2019,9,79.91958333333324,7.81,5010.22,380.5384254197815,0.34978574114093236
HB_NORTH,2019,10,27.995967741935484,6.11,853.71,53.323601612869396,0.23547182792462298
HB_NORTH,2019,11,23.628611111111105,3.49,212.85,15.12134180687971,0.22995379122173332
HB_NORTH,2019,12,18.7319892473118,4.01,59.75,6.806604034839857,0.18625827473950682
HB_PAN,2019,4,16.550500834724534,-19.01,99.64,14.239509572282085,0.5748220651624281
HB_PAN,2019,5,16.43507402422609,-15.06,67.69,13.542082805069713,
HB_PAN,2019,6,20.75885952712101,-11.58,100.06,15.819997933965023,
HB_PAN,2019,7,28.384569892473117,0.5,274.16,27.36512057912496,0.24721401085614944
HB_PAN,2019,8,125.15989232839836,-9.99,3497.75,401.74186949169706,
HB_PAN,2019,9,73.05307799442909,-14.97,5010.1,382.0599844677757,
HB_PAN,2019,10,18.741534320323005,-20.69,843.05,54.82847002366513,
HB_PAN,2019,11,11.655994436717657,-29.98,211.43,21.740257603032422,
HB_PAN,2019,12,8.84128032345014,-27.84,60.3,16.060013599623694,
HB_SOUTH,2016,1,19.211170928667556,5.18,54.4,5.461816597142832,0.16309987390644534
HB_SOUTH,2016,2,15.333591954022989,2.02,50.25,5.766310020451892,0.22119379006923579
HB_SOUTH,2016,3,16.763109017496653,1.0,69.59,7.562570221381636,0.2164528669555289
HB_SOUTH,2016,4,18.51290277777777,1.17,99.0,9.962189284750309,0.2312126394197985
HB_SOUTH,2016,5,18.570456989247315,2.77,71.92,8.661368325580215,0.17881236057505193
HB_SOUTH,2016,6,24.645374999999984,4.93,119.5,11.984516256441225,0.15297584253027421
HB_SOUTH,2016,7,27.00139973082099,-27.74,100.15,14.189135585301155,
HB_SOUTH,2016,8,31.20797043010751,13.44,237.08,28.706992658650858,0.18767996500343267
HB_SOUTH,2016,9,27.405569444444456,11.08,203.25,15.053059746843541,0.13928111891455244
HB_SOUTH,2016,10,26.68966397849464,3.43,282.46,17.671567723574363,0.19059942407483263
HB_SOUTH,2016,11,20.14883333333334,3.2,49.27,6.918300399465621,0.183474887694729
HB_SOUTH,2016,12,25.708991935483862,2.72,141.49,11.367082161043967,0.20652619147545836
HB_SOUTH,2017,1,23.624811827956986,1.89,96.01,7.575724207807043,0.19848335392588498
HB_SOUTH,2017,2,21.079360119047603,3.29,53.41,7.134705341168082,0.19051923786089386
HB_SOUTH,2017,3,23.680753701211305,5.02,78.22,8.666648996123275,0.14914049667796325
HB_SOUTH,2017,4,25.6094027777778,8.88,94.72,9.029660940162142,0.1415406441495664
HB_SOUTH,2017,5,26.49501344086023,4.73,68.65,9.192251989315865,0.15376567575769334
HB_SOUTH,2017,6,29.65469444444443,15.39,98.22,13.388315766817483,0.1412308440036647
HB_SOUTH,2017,7,32.12946236559143,17.07,268.53,18.901360436732627,0.15890512443089416
HB_SOUTH,2017,8,28.315026881720453,16.63,91.52,11.581170602149854,0.1268501320114399
HB_SOUTH,2017,9,25.51509722222224,8.68,68.76,8.801109045773565,0.12236398816800245
HB_SOUTH,2017,10,25.56365591397848,4.63,113.12,11.443610361693004,0.15810755312478042
HB_SOUTH,2017,11,23.97718055555557,5.09,92.56,8.787211894234105,0.16124002477479873
HB_SOUTH,2017,12,21.99791666666665,5.73,64.46,5.585505404189781,0.15701588469545866
HB_SOUTH,2018,1,39.498145161290296,6.01,1675.95,88.67166127106827,0.2160482396884674
HB_SOUTH,2018,2,22.306398809523813,4.08,74.89,7.797641728131434,0.20172040821332615
HB_SOUTH,2018,3,22.888452220726812,7.37,70.15,7.99013498228365,0.17601672377478017
HB_SOUTH,2018,4,24.471888888888902,7.06,54.92,7.698613356269684,0.1573079886244067
HB_SOUTH,2018,5,34.2260752688172,9.67,531.39,37.16877772907251,0.22032364475233773
HB_SOUTH,2018,6,30.068638888888913,16.07,114.49,13.9785372968641,0.14165178723643163
HB_SOUTH,2018,7,78.8473790322581,10.07,2058.15,232.88427198288306,0.37787119928169427
HB_SOUTH,2018,8,31.66752688172045,14.7,149.28,18.317685981494456,0.16123738074694624
HB_SOUTH,2018,9,27.189805555555555,15.64,87.78,10.218478841636117,0.11960798027835019
HB_SOUTH,2018,10,29.772513440860244,14.49,93.43,9.647190833725764,0.13329203968460213
HB_SOUTH,2018,11,29.837180555555587,9.46,104.24,11.002205151109665,0.16716378518156938
HB_SOUTH,2018,12,30.089301075268807,6.18,118.6,10.294004189647126,0.17783481173277368
HB_SOUTH,2019,1,25.086061827956964,7.0,74.19,7.680102234868328,0.16667533629353531
HB_SOUTH,2019,2,22.125639880952377,5.75,58.75,6.98671715324944,0.18373374238311008
HB_SOUTH,2019,3,27.13555854643338,6.63,685.53,34.99492019245875,0.2057909151245787
HB_SOUTH,2019,4,22.463333333333342,4.21,105.56,11.90811907317516,0.1983190974793873
HB_SOUTH,2019,5,24.059946236559167,9.4,66.0,8.276677345653288,0.13122537574074233
HB_SOUTH,2019,6,23.904361111111104,10.55,104.57,12.982437741673447,0.14679079719555457
HB_SOUTH,2019,7,29.637500000000028,11.46,274.37,26.76676244782117,0.1936981771427612
HB_SOUTH,2019,8,125.93654569892459,10.49,3497.19,400.26523323143147,0.5155384789707312
HB_SOUTH,2019,9,78.90047222222212,8.03,5000.73,379.0236350930704,0.353710646981729
HB_SOUTH,2019,10,29.468400537634416,8.4,838.47,52.06511827553334,0.22137015973979138
HB_SOUTH,2019,11,23.718555555555533,3.95,181.03,13.497690540509819,0.2211259309448912
HB_SOUTH,2019,12,18.95251344086021,3.58,69.69,6.656832472968684,0.18233173214317036
HB_WEST,2016,1,19.127483176312253,4.84,55.96,5.556491358556091,0.16343538413282838
HB_WEST,2016,2,14.988663793103447,-0.61,51.36,6.017304549324409,0.2782585460038971
HB_WEST,2016,3,15.871668909825038,0.38,60.57,7.38101028616066,0.23767212315911823
HB_WEST,2016,4,16.86274999999999,-0.05,90.43,9.270893627043186,0.2951446024283433
HB_WEST,2016,5,17.337674731182776,1.06,71.97,7.648550692442676,0.19522744986806423
HB_WEST,2016,6,23.141930555555533,3.73,102.08,10.28663749776717,0.1449817929289103
HB_WEST,2016,7,26.543561827957014,9.03,96.73,11.548332657215811,0.15090909788939158
HB_WEST,2016,8,29.786733870967733,13.26,224.54,25.37416828923725,0.1845768731579078
HB_WEST,2016,9,26.354250000000036,10.68,201.03,14.581646674594005,0.13668765864894886
HB_WEST,2016,10,24.113938172042996,1.58,273.75,15.80581918160384,0.19886850920713456
HB_WEST,2016,11,18.778416666666644,0.8,48.69,6.2965959405148775,0.20233316931336595
HB_WEST,2016,12,24.86266129032258,0.26,137.73,11.297255966368272,0.2340038889381794
HB_WEST,2017,1,21.901720430107524,-0.4,96.47,8.329261364773265,0.3240488447425578
HB_WEST,2017,2,17.636840536512675,-4.3,52.13,8.343465411776963,
HB_WEST,2017,3,19.813593539703888,-0.05,64.77,8.285855409811548,0.2898005147606531
HB_WEST,2017,4,19.996097222222236,-0.95,67.92,8.115485320873688,0.29480685030416404
HB_WEST,2017,5,22.166612903225815,1.2,53.75,6.960570769950853,0.19181642505573684
HB_WEST,2017,6,25.331694444444455,11.13,73.8,8.68839524121474,0.12816417865122814
HB_WEST,2017,7,30.29364247311829,16.53,233.81,16.116670387293876,0.15086642465699274
HB_WEST,2017,8,26.817043010752666,16.63,86.37,10.236244257218413,0.12328542303958794
HB_WEST,2017,9,22.678819444444443,8.32,54.25,6.831218681457303,0.11458915220282935
HB_WEST,2017,10,21.693830645161306,1.84,70.17,8.016050770997207,0.1725336525646969
HB_WEST,2017,11,21.00179166666666,-0.09,73.34,8.324036361486979,0.24986007025125034
HB_WEST,2017,12,20.33803763440862,-2.28,53.28,6.117314012983186,0.26093516192433214
HB_WEST,2018,1,36.051639784946275,0.21,1661.14,87.99336444454858,0.2818898699308082
HB_WEST,2018,2,21.087604166666658,1.05,73.33,8.12356220846839,0.23539483419541438
HB_WEST,2018,3,20.41087837837837,-0.62,69.7,9.944776308062133,
HB_WEST,2018,4,17.182016689847014,-5.98,52.8,11.150016898934178,
HB_WEST,2018,5,27.692016129032254,-4.56,531.53,38.01272945351063,0.4305357419158514
HB_WEST,2018,6,28.277027777777782,7.12,107.0,13.839546440320046,0.15954130327224794
HB_WEST,2018,7,78.51755376344079,9.71,2066.82,233.86985552369822,0.3797730247379495
HB_WEST,2018,8,31.560120967741923,10.83,150.33,18.630238668683326,0.1641105159752169
HB_WEST,2018,9,26.139597222222196,7.07,85.07,10.06953208802467,0.12477106794980397
HB_WEST,2018,10,28.76133064516124,2.39,95.58,10.31509220988028,0.1523744449675327
HB_WEST,2018,11,28.715250000000026,1.04,115.67,13.658234997523145,0.23657391129510963
HB_WEST,2018,12,29.98296096904443,0.0,119.86,11.688241464199328,
HB_WEST,2019,1,23.881545698924697,0.63,75.83,9.6846452488892,0.21519135415196544
HB_WEST,2019,2,20.491160714285716,3.1,57.22,7.910899373907354,0.2180754089631654
HB_WEST,2019,3,25.70172506738544,-0.28,686.52,35.94933789745982,
HB_WEST,2019,4,19.577607788595284,-0.3,100.0,13.85708821189543,
HB_WEST,2019,5,22.70266129032257,4.5,68.36,9.238910469479,0.17178532470409322
HB_WEST,2019,6,24.708555555555577,5.04,100.16,13.52178500335738,0.157820018988175
HB_WEST,2019,7,29.455470430107532,11.03,274.78,26.90684361192509,0.19608907220558228
HB_WEST,2019,8,126.31528225806449,8.11,3500.0,401.2889789739431,0.5144958709316311
HB_WEST,2019,9,78.42925000000012,5.57,5010.39,380.61810476050834,0.3574680223156086
HB_WEST,2019,10,24.701695827725437,-1.42,843.07,53.60490520037118,
HB_WEST,2019,11,21.66026388888888,0.08,211.91,15.695236507495919,0.31059169573936113
HB_WEST,2019,12,18.136424731182792,2.15,60.71,7.188677044101669,0.1999294968965235
LZ_AEN,2016,1,19.32585464333782,5.35,55.02,5.503266713319147,0.16246021149210094
LZ_AEN,2016,2,15.448290229885073,2.24,51.51,5.742451493814364,0.21637136119519207
LZ_AEN,2016,3,16.855074024226113,1.32,65.27,7.360407832780968,0.2122431845691021
LZ_AEN,2016,4,18.25606944444444,1.17,88.34,9.345574036423606,0.22869077521596953
LZ_AEN,2016,5,18.12490591397849,2.8,76.57,7.977659806006315,0.17384694336884793
LZ_AEN,2016,6,24.2375138888889,8.23,110.8,11.583286461242357,0.14131689105999207
LZ_AEN,2016,7,27.976102150537606,9.29,98.6,12.613121790972757,0.14960874370562408
LZ_AEN,2016,8,30.699516129032325,13.61,235.36,26.82729886707015,0.18389275207028008
LZ_AEN,2016,9,26.710861111111146,11.13,200.12,14.465315413858335,0.13697874727314893
LZ_AEN,2016,10,25.622903225806493,3.29,274.56,16.09970957367572,0.18496473315580042
LZ_AEN,2016,11,19.640041666666637,3.74,48.6,6.210652441851585,0.17885766543658468
LZ_AEN,2016,12,25.870174731182786,3.21,136.8,11.452260949599369,0.20526087798133613
LZ_AEN,2017,1,23.40447580645163,1.92,95.99,7.539809858297446,0.1984209185112331
LZ_AEN,2017,2,20.605327380952374,3.45,52.96,6.758118121814661,0.1872358053896007
LZ_AEN,2017,3,22.99701211305518,4.9,67.99,7.932145538218249,0.1468173189863312
LZ_AEN,2017,4,24.118083333333328,8.94,85.65,8.008669689884142,0.1395646000001411
LZ_AEN,2017,5,25.293844086021508,4.9,66.94,8.173940241146443,0.1487169326037688
LZ_AEN,2017,6,27.91663888888888,15.47,84.47,11.335981832091646,0.1329405597935991
LZ_AEN,2017,7,31.40143817204301,16.95,257.95,17.939957768598738,0.1556658549625095
LZ_AEN,2017,8,27.465618279569895,16.63,88.71,10.953641559437648,0.12466237093252396
LZ_AEN,2017,9,24.628805555555562,8.82,60.58,8.027509687575206,0.1182833825995689
LZ_AEN,2017,10,24.01990591397848,5.24,102.26,10.015021859408657,0.15005803421380406
LZ_AEN,2017,11,23.019444444444446,3.63,86.69,8.471820948161977,0.16899896320019517
LZ_AEN,2017,12,21.062930107526874,5.06,55.3,5.323136125738609,0.16079689884059084
LZ_AEN,2018,1,38.83798387096776,6.03,1661.37,87.54376856158724,0.2161816264470273
LZ_AEN,2018,2,21.913883928571398,4.55,74.11,7.665640874662351,0.20217009008147907
LZ_AEN,2018,3,22.202826379542397,5.26,70.37,8.593805694422064,0.19074804963095654
LZ_AEN,2018,4,22.18848611111112,4.79,51.24,7.5284459208469405,0.16536729208550324
LZ_AEN,2018,5,33.166169354838736,6.86,529.23,36.91196660038251,0.2243246292030422
LZ_AEN,2018,6,30.28612499999999,15.91,114.74,14.40942828460662,0.14307018625889617
LZ_AEN,2018,7,78.95137096774195,10.02,2060.9,233.09134385258966,0.3774366171793262
LZ_AEN,2018,8,31.732137096774153,13.9,149.54,18.45947088295388,0.16168729602244844
LZ_AEN,2018,9,27.16730555555553,15.15,88.03,10.290747790482115,0.11972805987248503
LZ_AEN,2018,10,30.310000000000006,12.77,96.35,10.204651355469013,0.13550995585957681
LZ_AEN,2018,11,30.468083333333325,8.65,106.64,11.762673463238764,0.17317309239702783
LZ_AEN,2018,12,30.094758064516125,6.57,117.25,10.177423696802727,0.17792269104985622
LZ_AEN,2019,1,25.107956989247317,6.75,76.2,7.957236317830307,0.16796047768303618
LZ_AEN,2019,2,21.51380952380956,5.46,57.06,6.768265769861141,0.18463754821911912
LZ_AEN,2019,3,27.74218034993274,7.11,685.8,34.684874016437796,0.20476273937666464
LZ_AEN,2019,4,23.270347222222245,4.63,106.86,12.494342464514746,0.19337774369450564
LZ_AEN,2019,5,24.676236559139774,9.12,68.42,8.730179494173765,0.13104651853569527
LZ_AEN,2019,6,24.416791666666676,10.2,101.71,12.944277307181554,0.14468174243074008
LZ_AEN,2019,7,29.709086021505378,11.37,274.59,26.803671565521057,0.19405028622675152
LZ_AEN,2019,8,126.52692204301066,10.34,3500.89,401.4603431233801,0.5130391772723658
LZ_AEN,2019,9,80.16959722222228,7.88,5010.17,380.27675207770636,0.3483383954785342
LZ_AEN,2019,10,29.280443548387094,8.07,844.89,52.951009092061675,0.22788788788136596
LZ_AEN,2019,11,24.408013888888913,3.77,209.08,14.919535273175907,0.22395280001877735
LZ_AEN,2019,12,19.05170698924731,3.76,59.87,6.6079738458477095,0.1798238960259929
LZ_CPS,2016,1,19.355060565275906,5.28,56.19,5.552017890645882,0.16338832040595908
LZ_CPS,2016,2,15.520014367816108,2.16,52.06,5.806936573951365,0.21742745085175028
LZ_CPS,2016,3,16.898183041722756,1.31,68.18,7.4787800119938135,0.2123628648557389
LZ_CPS,2016,4,19.069361111111103,1.14,114.4,11.093882920603836,0.2319204608983075
LZ_CPS,2016,5,18.479865591397857,2.77,72.34,8.10097509928891,0.17325883035371512
LZ_CPS,2016,6,24.958069444444472,5.22,109.62,11.206274234574298,0.1489406535220796
LZ_CPS,2016,7,27.967956989247316,9.4,97.14,12.727757359220302,0.15167034780599706
LZ_CPS,2016,8,31.30657258064518,13.43,235.47,28.075727181019584,0.1872841346787465
LZ_CPS,2016,9,28.130249999999958,11.0,204.18,15.534595093591461,0.14091261770545402
LZ_CPS,2016,10,26.250295698924717,3.38,280.2,16.82894382852078,0.1873507301622885
LZ_CPS,2016,11,21.71466666666668,2.87,59.5,8.848424650970035,0.19393704841751014
LZ_CPS,2016,12,26.596424731182818,2.69,142.19,12.32636452086304,0.20946016670279713
LZ_CPS,2017,1,23.772567204301065,1.99,102.73,8.263795366427962,0.20722657515994491
LZ_CPS,2017,2,20.919479166666655,3.01,53.54,7.090201201766599,0.1922909843568945
LZ_CPS,2017,3,23.861547779273234,5.34,81.08,8.77160423540679,0.14912825725875112
LZ_CPS,2017,4,25.337902777777774,9.76,94.38,8.856499819832033,0.1411483970706531
LZ_CPS,2017,5,26.537029569892443,4.61,69.09,9.17443581869306,0.1522996560926448
LZ_CPS,2017,6,30.41599999999999,15.28,99.32,13.078528214227616,0.15009392594231724
LZ_CPS,2017,7,32.1152956989247,17.13,264.71,18.55076747930554,0.15712863935082472
LZ_CPS,2017,8,28.13756720430108,16.64,90.66,11.296724158422814,0.12661775575717782
LZ_CPS,2017,9,25.136652777777797,8.6,63.5,8.524027533209788,0.12054446474829876
LZ_CPS,2017,10,25.275954301075267,4.53,107.6,11.067209878064242,0.15838758990741209
LZ_CPS,2017,11,23.572569444444426,4.01,90.5,8.736653333481904,0.16640511538292754
LZ_CPS,2017,12,22.04837365591397,5.38,102.48,6.837747294597056,0.16596765093459462
LZ_CPS,2018,1,41.312876344086014,6.06,1708.38,91.99257259535396,0.2213291202414116
LZ_CPS,2018,2,22.517395833333318,4.64,74.85,7.7252541851127825,0.1997711217212455
LZ_CPS,2018,3,25.289273216689107,8.33,236.9,12.25699946394771,0.21599775973849503
LZ_CPS,2018,4,26.535375000000013,9.16,60.9,8.455876699858672,0.1643757201748315
LZ_CPS,2018,5,36.05559139784947,9.53,531.71,37.3016459705569,0.2177949778453012
LZ_CPS,2018,6,30.727277777777783,16.27,114.42,14.186371060728069,0.13995155769230896
LZ_CPS,2018,7,79.12443548387105,10.09,2059.23,232.95766854170347,0.37675009962017925
LZ_CPS,2018,8,31.865685483871015,15.14,149.75,18.407107090852417,0.1605820146062152
LZ_CPS,2018,9,27.512986111111136,15.22,89.04,10.398470471661467,0.11971851277026138
LZ_CPS,2018,10,31.635967741935485,16.83,97.46,11.247464610562199,0.13737556498517112
LZ_CPS,2018,11,32.041208333333316,10.5,109.16,12.324589758862954,0.17681894785775618
LZ_CPS,2018,12,30.309220430107572,6.4,119.92,10.454818175329743,0.17843419930207408
LZ_CPS,2019,1,26.798333333333357,10.55,82.89,8.149951236618797,0.1668279308962927
LZ_CPS,2019,2,24.11011904761902,6.02,86.42,9.27527395769405,0.19520056111321188
LZ_CPS,2019,3,29.351695827725433,6.47,725.84,38.72171315807935,0.2059808557799405
LZ_CPS,2019,4,25.363597222222218,4.99,114.28,14.19762467073109,0.20682296627237004
LZ_CPS,2019,5,26.246075268817183,9.35,80.88,9.843087957448544,0.13869567788953788
LZ_CPS,2019,6,26.391291666666703,11.52,155.41,16.042464498165355,0.16558275191883876
LZ_CPS,2019,7,30.667177419354825,11.52,276.56,27.07773047820001,0.19141121015811108
LZ_CPS,2019,8,127.69620967741939,10.84,3504.12,401.5136414355442,0.5079502890720153
LZ_CPS,2019,9,82.43634722222212,8.39,5011.57,379.8961059615471,0.3431713382934109
LZ_CPS,2019,10,33.553602150537664,9.08,846.37,53.66086954681066,0.21838332442304534
LZ_CPS,2019,11,25.57513888888891,4.88,213.22,15.15554112146572,0.21725958773539314
LZ_CPS,2019,12,19.997862903225816,3.86,104.42,7.934246324652644,0.1858641321419628
LZ_HOUSTON,2016,1,19.565477792732175,5.19,54.94,5.658328356645812,0.16656400728236587
LZ_HOUSTON,2016,2,15.487988505747138,2.1,50.75,5.820989036078067,0.22077405206487144
LZ_HOUSTON,2016,3,17.206729475100946,1.35,73.24,7.8052462273335905,0.21236112638160856
LZ_HOUSTON,2016,4,19.128930555555566,1.26,106.23,10.76590904675306,0.23171604335840962
LZ_HOUSTON,2016,5,19.903991935483887,3.03,76.88,10.639855925260376,0.18920501980908627
LZ_HOUSTON,2016,6,29.915083333333325,4.32,174.68,22.48010937821404,0.19698180050432862
LZ_HOUSTON,2016,7,29.91186827956986,10.06,106.26,15.655496426994176,0.1630805448154392
LZ_HOUSTON,2016,8,33.56354838709678,13.49,285.0,34.75633864422278,0.20172266913323392
LZ_HOUSTON,2016,9,29.032680555555544,11.48,214.55,17.38997939866895,0.15213003341919515
LZ_HOUSTON,2016,10,28.545819892473133,3.98,287.59,19.49473507624443,0.19874016962034446
LZ_HOUSTON,2016,11,20.437680555555556,3.06,54.65,7.5718808765774295,0.19198183968971144
LZ_HOUSTON,2016,12,25.736841397849467,2.91,143.23,11.349051286814545,0.20680047270284171
LZ_HOUSTON,2017,1,24.827365591397836,3.0,96.36,7.946976082218833,0.19459878162681607
LZ_HOUSTON,2017,2,23.517217261904765,4.52,60.22,8.849387367235066,0.1881214723464643
LZ_HOUSTON,2017,3,28.742005383580064,6.81,152.46,15.087172623753816,0.15923110269559282
LZ_HOUSTON,2017,4,32.96706944444447,10.74,147.81,16.991265862206326,0.1666102112617473
LZ_HOUSTON,2017,5,32.36264784946243,4.99,109.86,15.906692890509005,0.18738953183220125
LZ_HOUSTON,2017,6,33.668916666666625,15.43,139.24,19.392458894323102,0.17083792303215511
LZ_HOUSTON,2017,7,34.72583333333334,16.72,311.81,23.44306141506571,0.17553907787980824
LZ_HOUSTON,2017,8,30.031478494623677,16.61,101.75,14.431593938247431,0.1392119910403709
LZ_HOUSTON,2017,9,27.41002777777777,8.33,84.99,12.57163769240294,0.14848151048203223
LZ_HOUSTON,2017,10,31.339381720430104,4.41,274.2,26.117447047199036,0.2088735304408166
LZ_HOUSTON,2017,11,26.33962499999996,4.82,131.01,12.833731620771,0.17257871858348622
LZ_HOUSTON,2017,12,21.979784946236585,6.29,68.39,5.791050547258558,0.1601121448602958
LZ_HOUSTON,2018,1,38.044986559139794,6.18,1638.04,86.06439847614334,0.2162778165951007
LZ_HOUSTON,2018,2,22.375848214285735,5.1,72.15,7.394902533647276,0.19656732077722894
LZ_HOUSTON,2018,3,23.933458950201892,8.01,71.42,9.109086945117879,0.18866021930538884
LZ_HOUSTON,2018,4,24.728347222222226,8.41,59.21,7.916439430638188,0.15992542976740612
LZ_HOUSTON,2018,5,35.53303763440861,8.42,550.1,39.48106603358094,0.2265754508297858
LZ_HOUSTON,2018,6,31.80234722222222,15.81,119.76,16.793934932973716,0.1527832173959358
LZ_HOUSTON,2018,7,79.56653225806457,9.95,2060.38,233.5603868265196,0.3757498630219295
LZ_HOUSTON,2018,8,32.159623655913954,13.48,151.05,18.890233331961973,0.1623912743146335
LZ_HOUSTON,2018,9,27.722416666666632,15.14,92.18,10.88696961345971,0.12163170445514097
LZ_HOUSTON,2018,10,31.781115591397857,12.74,101.62,11.51412697597704,0.13788295671678297
LZ_HOUSTON,2018,11,31.730333333333313,10.05,105.13,12.015058303485723,0.1668676644864412
LZ_HOUSTON,2018,12,30.462069892473117,6.88,116.52,9.911598247922353,0.17531144987505587
LZ_HOUSTON,2019,1,25.55008064516131,8.85,75.06,7.8473129875161325,0.16692158725801431
LZ_HOUSTON,2019,2,21.644255952380963,5.51,57.43,6.7294652518030995,0.18500354863253335
LZ_HOUSTON,2019,3,28.080323014804854,8.22,651.84,32.70861948439225,0.2012145017093586
LZ_HOUSTON,2019,4,24.264583333333338,5.44,107.4,12.157658167632507,0.18718036229604368
LZ_HOUSTON,2019,5,25.153615591397852,9.58,68.56,9.234248133566334,0.13568891556422505
LZ_HOUSTON,2019,6,27.2267361111111,10.0,113.57,15.762967614787565,0.15467631895045955
LZ_HOUSTON,2019,7,30.013064516129045,11.35,274.79,26.872544946248777,0.1941556216942637
LZ_HOUSTON,2019,8,126.69338709677426,10.33,3500.0,401.4687410183907,0.5118654780039844
LZ_HOUSTON,2019,9,80.77929166666665,7.97,5011.62,380.59549300850233,0.34837325138145275
LZ_HOUSTON,2019,10,30.642379032258074,9.62,872.98,55.33192773650522,0.22351026002859253
LZ_HOUSTON,2019,11,24.18161111111111,3.8,199.8,14.472697576733292,0.22356984824855114
LZ_HOUSTON,2019,12,18.919852150537647,3.8,59.5,6.877407263243724,0.18433608364340792
LZ_LCRA,2016,1,19.318640646029596,5.47,55.4,5.501589273819576,0.16257864866910388
LZ_LCRA,2016,2,15.488548850574706,2.37,51.55,5.732980295709334,0.21474865252224204
LZ_LCRA,2016,3,16.79629878869449,1.34,66.31,7.398862184113166,0.2122699572277441
LZ_LCRA,2016,4,18.39270833333334,1.15,92.5,9.682228462982483,0.22968734494289875
LZ_LCRA,2016,5,18.18278225806455,2.78,73.75,8.005227459392776,0.17318649639982903
LZ_LCRA,2016,6,24.16441666666668,4.64,109.44,11.121200540738213,0.14618313015029152
LZ_LCRA,2016,7,27.592217741935475,9.31,99.41,12.674735854902686,0.15073183097153908
LZ_LCRA,2016,8,31.175577956989258,13.43,237.06,28.982726116162144,0.1897697112323078
LZ_LCRA,2016,9,27.03994444444444,11.0,199.29,15.735525242461984,0.142728048883863
LZ_LCRA,2016,10,26.068440860215063,3.33,281.6,16.98477508373953,0.18867102717980846
LZ_LCRA,2016,11,19.541680555555562,2.88,48.94,6.456588603352812,0.18458582480130986
LZ_LCRA,2016,12,25.487876344086036,2.58,142.23,11.374799922493054,0.20752862497652497
LZ_LCRA,2017,1,23.43627688172043,1.9,97.26,7.606074128174614,0.19907673611775656
LZ_LCRA,2017,2,20.660818452380937,3.1,53.1,6.897614444293981,0.19077486579592665
LZ_LCRA,2017,3,23.437133243607,5.15,69.81,8.22848179557564,0.14956859923921928
LZ_LCRA,2017,4,24.477416666666684,8.91,88.04,8.468541080492486,0.14079224637072907
LZ_LCRA,2017,5,25.637956989247325,4.45,67.39,8.654821736633204,0.15272500528036512
LZ_LCRA,2017,6,28.639083333333343,14.97,91.27,12.485700181943333,0.13937424770562434
LZ_LCRA,2017,7,31.905712365591352,16.84,265.38,18.705559433799934,0.15873832357198372
LZ_LCRA,2017,8,27.678010752688152,16.63,90.36,11.266243870522516,0.12723301119634023
LZ_LCRA,2017,9,24.813430555555563,8.63,61.55,8.36801241320809,0.12058499935347954
LZ_LCRA,2017,10,24.484260752688193,4.56,115.0,11.120629550803754,0.15685240647641513
LZ_LCRA,2017,11,23.047124999999994,3.11,88.12,8.542414682479471,0.1691120232847288
LZ_LCRA,2017,12,21.11766129032256,4.65,58.16,5.44868153395596,0.16416736844965138
LZ_LCRA,2018,1,38.99256720430111,5.87,1669.26,88.49319955468228,0.22292757224060397
LZ_LCRA,2018,2,21.76224702380953,4.3,75.49,7.760105867864692,0.2049239519381141
LZ_LCRA,2018,3,22.051305518169595,4.24,70.23,8.310383904389663,0.1923015794067831
LZ_LCRA,2018,4,22.644027777777783,5.1,51.83,7.626581791236533,0.16431591112755736
LZ_LCRA,2018,5,34.73540322580648,7.35,537.05,39.21426529375476,0.22414617070596515
LZ_LCRA,2018,6,30.365555555555577,16.02,114.7,14.438945238745086,0.14309833701549582
LZ_LCRA,2018,7,79.06994623655915,10.06,2062.63,233.30198042101694,0.3771008057733158
LZ_LCRA,2018,8,31.807970430107524,14.28,149.58,18.49956526481126,0.1615803091131092
LZ_LCRA,2018,9,27.18726388888886,15.12,89.58,10.323972461463864,0.1199169942641973
LZ_LCRA,2018,10,30.06987903225809,10.92,95.98,10.146733125557331,0.13545918613890956
LZ_LCRA,2018,11,30.515805555555563,8.38,106.34,11.796913856628784,0.17374085235849396
LZ_LCRA,2018,12,30.582661290322633,6.56,122.66,10.6288200815789,0.17936852779738985
LZ_LCRA,2019,1,24.936303763440858,6.28,76.43,8.097452745325858,0.16977539480558052
LZ_LCRA,2019,2,21.66697916666667,5.53,56.92,6.878219361958415,0.1845976061304862
LZ_LCRA,2019,3,27.649313593539745,6.58,692.67,35.19954864384437,0.20457836535062082
LZ_LCRA,2019,4,23.31476388888888,4.46,107.21,12.36835730932367,0.19825572865401547
LZ_LCRA,2019,5,24.50868279569892,9.06,66.1,8.514166573914984,0.13063823996866078
LZ_LCRA,2019,6,24.51954166666666,11.18,101.6,13.153803352145431,0.14576903608975778
LZ_LCRA,2019,7,29.74791666666666,11.36,274.7,26.817746140123624,0.19391510709621315
LZ_LCRA,2019,8,126.67076612903215,10.31,3503.28,401.7273081817837,0.5125836907435993
LZ_LCRA,2019,9,82.46723611111106,8.0,5011.71,380.75904251218793,0.35070186883449855
LZ_LCRA,2019,10,29.015806451612917,7.78,851.35,53.56442348624105,0.22696126972447764
LZ_LCRA,2019,11,24.485222222222248,4.14,207.11,14.724647827239286,0.22405342102269557
LZ_LCRA,2019,12,19.456881720430097,3.75,84.34,7.255990866381839,0.18292023188174295
LZ_NORTH,2016,1,19.189017496635277,5.08,56.21,5.53647286480412,0.16219355575190197
LZ_NORTH,2016,2,15.46221264367817,2.28,51.39,5.72711950556094,0.21622531146836638
LZ_NORTH,2016,3,17.461507402422594,1.48,62.31,7.4469997134928025,0.21133744557636006
LZ_NORTH,2016,4,19.08763888888888,1.57,90.61,9.793125443963815,0.2219154129055891
LZ_NORTH,2016,5,18.182889784946234,4.18,76.8,7.862626786415128,0.1665070205327131
LZ_NORTH,2016,6,23.562680555555552,3.64,104.06,11.062601504781098,0.14888259621621475
LZ_NORTH,2016,7,27.415779569892457,9.05,101.55,12.33912295287215,0.1521165988016726
LZ_NORTH,2016,8,30.148575268817243,13.37,227.06,26.104303860992058,0.1838376230106098
LZ_NORTH,2016,9,26.605861111111107,10.73,201.47,14.901666131659871,0.13960078641582876
LZ_NORTH,2016,10,24.532661290322583,2.85,273.64,16.034106142812707,0.19036721914150234
LZ_NORTH,2016,11,18.830513888888877,2.0,50.24,6.25094070359959,0.18991001420923279
LZ_NORTH,2016,12,25.28624999999999,3.43,140.29,11.070745441320295,0.20470816468127725
LZ_NORTH,2017,1,23.603024193548404,2.91,96.68,7.53631169322917,0.1905721087879783
LZ_NORTH,2017,2,19.550014880952375,4.39,51.83,6.023653240387762,0.18093879281341807
LZ_NORTH,2017,3,21.839407806191105,5.34,64.71,7.067790149708491,0.15250463763983182
LZ_NORTH,2017,4,21.975805555555546,7.13,62.41,6.617664494044783,0.14347894411955386
LZ_NORTH,2017,5,24.557513440860216,5.22,72.98,8.001947903825615,0.14266948146703964
LZ_NORTH,2017,6,26.893736111111114,15.46,80.74,10.269483673647457,0.12748064116833485
LZ_NORTH,2017,7,31.186841397849467,16.47,254.01,17.44390062497039,0.15206646106558122
LZ_NORTH,2017,8,27.060362903225812,16.62,86.53,10.529417676731134,0.12272082454625809
LZ_NORTH,2017,9,23.968402777777758,8.29,56.01,8.10381654820752,0.12018607769043385
LZ_NORTH,2017,10,21.938427419354845,1.89,85.01,8.636464281722938,0.168803953286081
LZ_NORTH,2017,11,22.263166666666674,3.21,70.4,7.878656117975505,0.17606379873250916
LZ_NORTH,2017,12,21.4081317204301,6.28,58.74,5.243574354344973,0.15895699051896098
LZ_NORTH,2018,1,37.728521505376335,6.32,1664.01,87.76979241169172,0.21939999232859395
LZ_NORTH,2018,2,21.84046130952379,5.84,74.29,7.579751376820834,0.19740643905585417
LZ_NORTH,2018,3,22.640551816958272,7.89,70.07,8.388701044899266,0.1825378858614415
LZ_NORTH,2018,4,24.36688888888891,8.91,58.24,7.779202510434247,0.15599275195371828
LZ_NORTH,2018,5,37.451881720430116,9.54,557.83,40.89663061155096,0.22861573902503826
LZ_NORTH,2018,6,31.301611111111136,15.26,122.97,16.44100746514218,0.15090808241850068
LZ_NORTH,2018,7,79.84618279569887,9.8,2079.81,235.36841649562857,0.37629436704552494
LZ_NORTH,2018,8,31.97158602150531,11.92,151.52,19.077278619523028,0.16476232870296878
LZ_NORTH,2018,9,27.885847222222214,13.94,91.58,12.013980791934744,0.12603782911694128
LZ_NORTH,2018,10,31.64541666666666,9.59,95.95,11.41539314407051,0.14199407504077205
LZ_NORTH,2018,11,31.97412499999999,9.21,124.07,12.30701172018928,0.17405962159345353
LZ_NORTH,2018,12,31.131948924731233,6.87,121.19,10.753266871853738,0.1763071830495576
LZ_NORTH,2019,1,24.36783602150537,5.13,75.38,8.353484521769563,0.17165884837459083
LZ_NORTH,2019,2,20.85114583333333,4.36,56.78,7.1174606376172065,0.19135454424726914
LZ_NORTH,2019,3,28.594037685060574,9.11,681.29,34.43624052220511,0.1984595577163118
LZ_NORTH,2019,4,23.718430555555557,6.62,103.76,11.928849097374757,0.18634388199356464
LZ_NORTH,2019,5,24.011451612903222,10.12,67.8,8.738728285557324,0.1335346047169301
LZ_NORTH,2019,6,25.20791666666667,8.21,101.28,13.618453889307254,0.14828286550491837
LZ_NORTH,2019,7,29.834946236559162,11.22,274.89,26.955125726994364,0.19535405030277764
LZ_NORTH,2019,8,126.60091397849466,10.08,3501.54,401.6319106504489,0.512644579881842
LZ_NORTH,2019,9,80.7741527777778,7.81,5010.51,380.758969201848,0.350238745891719
LZ_NORTH,2019,10,28.732943548387126,6.21,863.71,54.42561097329506,0.23924890732416407
LZ_NORTH,2019,11,24.153611111111104,3.67,218.41,15.74282819301406,0.22931707599762394
LZ_NORTH,2019,12,19.006801075268804,4.07,59.99,7.142365271934624,0.1887583057865987
LZ_RAYBN,2016,1,19.44931359353972,5.08,57.38,5.875570758526677,0.16355007934334856
LZ_RAYBN,2016,2,15.400431034482773,2.32,53.35,5.7534661271109,0.2149682538685973
LZ_RAYBN,2016,3,17.11724091520861,1.86,61.55,7.3272912153871115,0.20640128530686272
LZ_RAYBN,2016,4,18.855361111111097,1.45,90.56,9.706044207969226,0.22307584844365574
LZ_RAYBN,2016,5,18.320994623655913,4.31,75.95,7.887065178197738,0.16439789997006038
LZ_RAYBN,2016,6,23.315944444444447,3.65,100.54,10.57341688323208,0.14718985174466803
LZ_RAYBN,2016,7,27.471075268817224,9.03,101.88,12.383051616960069,0.1533515798689702
LZ_RAYBN,2016,8,30.149758064516142,13.37,226.86,26.11001588311447,0.1845905483259565
LZ_RAYBN,2016,9,26.470263888888894,10.72,200.59,14.818330548217853,0.1393695747046015
LZ_RAYBN,2016,10,24.452513440860198,3.14,274.16,15.968735318472172,0.18834429625324145
LZ_RAYBN,2016,11,18.87531944444443,2.9,47.33,6.182334306537092,0.1870766747145459
LZ_RAYBN,2016,12,25.31955645161287,4.44,138.15,10.848662138407189,0.20040655158819623
LZ_RAYBN,2017,1,23.39010752688172,2.43,96.42,7.174455207570437,0.18523763095975448
LZ_RAYBN,2017,2,20.36915178571431,5.62,51.8,5.358349282109905,0.16642421294761797
LZ_RAYBN,2017,3,21.90716016150739,6.77,64.19,6.549950608642898,0.14161021766461912
LZ_RAYBN,2017,4,22.21343055555554,8.2,61.88,5.862581020851395,0.13545995147440648
LZ_RAYBN,2017,5,24.001330645161307,6.21,62.63,6.8500959884287855,0.13382906075420317
LZ_RAYBN,2017,6,26.125041666666643,15.69,74.59,9.205680549494767,0.12367987409705997
LZ_RAYBN,2017,7,30.760497311827933,16.47,248.41,16.831198028483207,0.15077849137930513
LZ_RAYBN,2017,8,26.824825268817232,16.6,85.93,10.254676219025427,0.1223385236942592
LZ_RAYBN,2017,9,23.535680555555558,8.29,54.32,7.549488581314552,0.11757074625406509
LZ_RAYBN,2017,10,21.379932795698938,2.04,75.15,7.829634966596327,0.16357769509913186
LZ_RAYBN,2017,11,21.82918055555556,3.86,70.1,7.445188047172323,0.17425483567814598
LZ_RAYBN,2017,12,21.31260752688172,7.81,59.25,4.855131894035039,0.1533974911215283
LZ_RAYBN,2018,1,39.37014784946231,7.82,1709.15,90.37409156066532,0.21627473403162606
LZ_RAYBN,2018,2,22.403169642857126,7.42,94.77,7.724018064781316,0.20056841770754402
LZ_RAYBN,2018,3,23.805706594885592,11.42,69.95,7.764584538226346,0.17478116178494102
LZ_RAYBN,2018,4,27.19887500000002,12.36,62.64,7.927631488254263,0.14425798139065463
LZ_RAYBN,2018,5,40.951250000000016,11.51,572.62,43.40898605325403,0.22706071192427296
LZ_RAYBN,2018,6,31.945583333333342,15.64,125.33,17.458837477249833,0.1571653748185595
LZ_RAYBN,2018,7,84.90190860215051,9.8,2234.47,250.62476031998634,0.37319681614901246
LZ_RAYBN,2018,8,32.51872311827957,12.2,158.9,20.634102764280627,0.17453625969772016
LZ_RAYBN,2018,9,27.680888888888877,13.93,90.56,11.82380675429367,0.12688863295734099
LZ_RAYBN,2018,10,30.624959677419376,13.12,94.29,10.702267190328264,0.1408295685984656
LZ_RAYBN,2018,11,33.45244444444446,12.67,124.27,11.735302215008232,0.17026253772541158
LZ_RAYBN,2018,12,31.55353494623656,7.83,116.72,10.034378429938934,0.17051664794362828
LZ_RAYBN,2019,1,24.411491935483873,6.49,74.86,8.060814095455624,0.16858690602603899
LZ_RAYBN,2019,2,21.066279761904763,4.7,57.29,6.844085385799512,0.1845055344511862
LZ_RAYBN,2019,3,29.809798115747,12.38,682.64,34.219993845706014,0.1955732466345034
LZ_RAYBN,2019,4,24.998305555555564,7.34,113.75,11.764075316688286,0.18135116558532627
LZ_RAYBN,2019,5,24.788158602150553,11.72,67.79,8.999232252081159,0.13361828853321253
LZ_RAYBN,2019,6,25.458513888888895,8.78,101.41,13.654010843479448,0.14769832027368518
LZ_RAYBN,2019,7,30.02971774193554,11.21,279.33,27.165856941493953,0.1957452245614553
LZ_RAYBN,2019,8,126.89788978494644,10.38,3503.7,401.9292603884113,0.5098971299792213
LZ_RAYBN,2019,9,80.69863888888884,7.81,5012.22,380.908202139825,0.35060933726809346
LZ_RAYBN,2019,10,28.554381720430126,7.43,850.07,52.132790025555984,0.236781718929192
LZ_RAYBN,2019,11,24.517569444444426,4.57,222.55,15.818155791296588,0.23544102468584185
LZ_RAYBN,2019,12,19.08506720430106,4.69,60.53,7.101435355892237,0.18703427398695052
LZ_SOUTH,2016,1,19.48341857335128,5.06,58.16,5.714379568261696,0.1651763602963047
LZ_SOUTH,2016,2,15.935862068965523,1.59,52.27,6.329056652036589,0.2256911063873472
LZ_SOUTH,2016,3,19.521144010767156,0.56,100.0,12.325023585024738,0.23336428727747083
LZ_SOUTH,2016,4,20.73800000000002,1.04,120.0,13.178488937715963,0.24573208070084124
LZ_SOUTH,2016,5,20.69174731182796,2.76,100.0,12.251857833053952,0.1965101736794162
LZ_SOUTH,2016,6,27.47165277777775,4.94,141.69,15.831815212576421,0.17878294096955674
LZ_SOUTH,2016,7,28.88958333333334,9.49,106.32,13.878802914915044,0.1527097124229191
LZ_SOUTH,2016,8,31.82330645161287,13.43,240.28,29.39920761574283,0.18887332483931316
LZ_SOUTH,2016,9,28.76201388888887,11.16,206.79,16.323961737728606,0.14706281309997501
LZ_SOUTH,2016,10,30.03103494623656,3.68,290.71,24.11439290602675,0.206922775102894
LZ_SOUTH,2016,11,20.633388888888888,2.81,59.68,7.707285909666226,0.1875212635946931
LZ_SOUTH,2016,12,26.32684139784947,2.59,148.13,12.181573627385522,0.20856255818104438
LZ_SOUTH,2017,1,25.15548387096773,1.85,142.48,10.779406305725363,0.19959043168434382
LZ_SOUTH,2017,2,21.793690476190488,3.22,54.63,7.831157785521075,0.1935833942408247
LZ_SOUTH,2017,3,26.528209959623116,4.69,94.55,10.897196845177303,0.15694115673006162
LZ_SOUTH,2017,4,28.549888888888887,10.5,119.88,12.735671759879727,0.1481603693637138
LZ_SOUTH,2017,5,29.979731182795668,5.34,94.72,12.98626101551835,0.16672317049427418
LZ_SOUTH,2017,6,36.783444444444456,15.65,150.0,22.435838620397643,0.17582956471068456
LZ_SOUTH,2017,7,34.19329301075271,17.34,276.3,20.84019773171074,0.16496882863826473
LZ_SOUTH,2017,8,33.45784946236564,16.66,139.11,19.499532456662962,0.16023104107165956
LZ_SOUTH,2017,9,28.33034722222221,8.84,84.54,10.499658158101528,0.13123132372306137
LZ_SOUTH,2017,10,28.464018817204334,4.52,129.79,13.227929173038147,0.16634115105264607
LZ_SOUTH,2017,11,27.86572222222222,8.04,109.23,11.206479376065497,0.15586551825593492
LZ_SOUTH,2017,12,25.40422043010751,7.07,99.02,7.9141182045369325,0.16037855836831744
LZ_SOUTH,2018,1,46.13256720430113,6.56,1709.82,93.31581643122976,0.2053808839739854
LZ_SOUTH,2018,2,25.197038690476194,4.14,79.89,9.158766911369773,0.20349943131621506
LZ_SOUTH,2018,3,26.759973082099577,8.31,76.2,10.317034261654255,0.17530769802367088
LZ_SOUTH,2018,4,28.186972222222227,8.32,63.43,9.605147553595852,0.1627761369290837
LZ_SOUTH,2018,5,41.27442204301073,11.8,556.94,41.38933791209337,0.21419956226753342
LZ_SOUTH,2018,6,32.258680555555515,16.3,124.6,15.824630844733248,0.14189955026424178
LZ_SOUTH,2018,7,80.44756720430111,10.11,2068.16,234.40094203188013,0.374322422949745
LZ_SOUTH,2018,8,33.690631720430126,15.79,151.59,21.418672580998578,0.1716889318743509
LZ_SOUTH,2018,9,28.383763888888897,16.0,91.31,11.343294717518617,0.12502088372636186
LZ_SOUTH,2018,10,32.12697580645161,16.13,100.1,12.027293976526847,0.13707283767573214
LZ_SOUTH,2018,11,33.54448611111104,10.49,120.91,13.68176977638468,0.17420847369449752
LZ_SOUTH,2018,12,32.11272849462366,7.62,125.61,11.133697976599072,0.1754081900182963
LZ_SOUTH,2019,1,27.057903225806513,7.6,123.19,9.20796138122653,0.17457551860037154
LZ_SOUTH,2019,2,23.72895833333334,6.44,61.77,7.5112400295933845,0.18350581196897534
LZ_SOUTH,2019,3,30.529488559892318,7.37,721.89,37.10900275838603,0.2037707908781164
LZ_SOUTH,2019,4,27.14783333333334,4.0,134.58,14.693139289126739,0.19977933362637634
LZ_SOUTH,2019,5,27.210994623655925,10.73,87.14,10.367489242585485,0.13733851455027102
LZ_SOUTH,2019,6,27.259597222222187,11.71,123.14,14.759030011321771,0.14662748024831357
LZ_SOUTH,2019,7,31.13216397849467,11.68,279.97,27.666057981228892,0.19136546081588146
LZ_SOUTH,2019,8,127.1090188172042,11.0,3499.67,400.7683351369345,0.509088537573593
LZ_SOUTH,2019,9,81.00911111111105,8.37,4996.6,378.74939830966343,0.3436648793100559
LZ_SOUTH,2019,10,32.94211021505377,6.93,846.41,53.6600556841448,0.225197532193054
LZ_SOUTH,2019,11,25.80370833333333,5.53,195.9,14.772221026154101,0.21709870308338536
LZ_SOUTH,2019,12,19.786881720430113,3.46,77.45,7.023225109320725,0.1805397103212872
LZ_WEST,2016,1,19.520713324360692,4.47,56.26,5.9762586582059685,0.16771754831140662
LZ_WEST,2016,2,15.064503597122313,-0.86,51.61,6.078766701917548,
LZ_WEST,2016,3,16.00265141318978,0.46,60.97,7.4474746960747655,0.23329676573414068
LZ_WEST,2016,4,17.153666666666663,0.33,91.7,9.37929180538246,0.2600334285505191
LZ_WEST,2016,5,17.737526881720434,1.43,73.98,8.08538079313126,0.19022703833905855
LZ_WEST,2016,6,23.48876388888888,3.76,107.61,10.783790816173294,0.1457411740316027
LZ_WEST,2016,7,27.178790322580664,9.05,115.9,12.888030029845096,0.15296361152578208
LZ_WEST,2016,8,30.01056451612905,13.37,226.91,25.763811703429568,0.1841330970432603
LZ_WEST,2016,9,26.767666666666685,10.69,204.46,15.181201137700214,0.13834928171572872
LZ_WEST,2016,10,25.182258064516123,1.5,285.76,17.13851962455334,0.1985324945654131
LZ_WEST,2016,11,19.343138888888898,0.97,60.38,7.035390776231643,0.19930965720035784
LZ_WEST,2016,12,25.165819892473102,0.37,139.73,11.654195202333177,0.23038777241328331
LZ_WEST,2017,1,23.231370967741938,0.47,97.97,9.296835291406914,0.2647781589425048
LZ_WEST,2017,2,18.47705357142856,-3.67,72.56,9.104210009101468,0.41305413913410066
LZ_WEST,2017,3,20.251197846567983,0.09,65.3,8.465475122425502,0.2651106744384371
LZ_WEST,2017,4,20.388569444444446,0.1,69.22,8.18040263320492,0.24770151998937942
LZ_WEST,2017,5,22.86779569892472,1.38,57.71,7.553185185074928,0.18859234921561083
LZ_WEST,2017,6,27.51231944444447,11.19,79.92,10.623585853794621,0.13096995963824037
LZ_WEST,2017,7,31.130174731182798,16.63,240.72,16.88486366041493,0.1475692814091
LZ_WEST,2017,8,27.213911290322564,16.64,86.65,10.571351807051885,0.12888832320105112
LZ_WEST,2017,9,27.011777777777755,8.08,83.61,10.99981324436512,0.12408211564015481
LZ_WEST,2017,10,22.173319892473113,1.83,72.46,8.353856799011606,0.17378120889077545
LZ_WEST,2017,11,22.152916666666673,0.27,75.19,8.749763793752004,0.21858594229095574
LZ_WEST,2017,12,21.87225806451613,-1.49,64.7,7.489398016305277,0.28203994346613787
LZ_WEST,2018,1,37.29330645161292,0.65,1670.78,88.79467993492516,0.26638904902139543
LZ_WEST,2018,2,22.12410714285712,2.33,74.96,8.271932366348944,0.21551426749885505
LZ_WEST,2018,3,22.30162853297446,0.4,79.53,10.906822163961131,0.3048923464272237
LZ_WEST,2018,4,21.128125000000004,-3.54,60.13,12.432860367773303,0.34882937209841025
LZ_WEST,2018,5,49.600120967741965,1.15,560.42,42.80809718391552,0.2923339469143836
LZ_WEST,2018,6,57.96752777777783,22.77,137.0,20.756347046082546,0.18568655934497796
LZ_WEST,2018,7,101.47096774193538,13.15,2151.82,238.70516348224746,0.35734548787366427
LZ_WEST,2018,8,33.28985215053763,11.08,153.14,19.295431194581806,0.1696840801455387
LZ_WEST,2018,9,27.10109722222224,13.2,87.2,10.436557699967405,0.12205654231255127
LZ_WEST,2018,10,30.004556451612874,3.1,97.94,10.901438163956602,0.14794609099454284
LZ_WEST,2018,11,31.22402777777777,1.91,147.71,15.925374200333449,0.22276298861980431
LZ_WEST,2018,12,34.98084677419353,3.05,131.59,15.254886045873532,0.20271054025178945
LZ_WEST,2019,1,27.461532258064498,0.44,99.02,13.478233579426092,0.2206882988971063
LZ_WEST,2019,2,22.798958333333317,2.99,67.26,9.305285701329012,0.2165747271921479
LZ_WEST,2019,3,31.282960969044446,2.25,698.52,37.27890331984407,0.23886393306102024
LZ_WEST,2019,4,21.699236111111095,0.69,112.83,14.623148227684057,0.271160664061235
LZ_WEST,2019,5,28.8519892473118,7.36,78.96,9.737399440021326,0.1459596913458951
LZ_WEST,2019,6,32.02677777777779,12.25,111.92,14.086746131905787,0.15605943832511368
LZ_WEST,2019,7,32.07568548387098,11.03,281.09,27.34031853443688,0.2000029930522241
LZ_WEST,2019,8,128.87646505376352,9.12,3505.6,402.11414618227064,0.5023140707794569
LZ_WEST,2019,9,83.471138888889,6.59,5015.25,380.45391860989866,0.35154604958308994
LZ_WEST,2019,10,49.38336021505375,0.79,873.07,62.396856020024465,0.3135678771385493
LZ_WEST,2019,11,49.34084722222219,3.6,286.91,31.876125870829345,0.2657283890612516
LZ_WEST,2019,12,39.502594086021524,7.32,195.71,27.975861973386763,0.2852995018322725
